,Streams,Danceability,Acousticness,Energy,Lyrics Sentiment,TikTok Virality
Streams,1.0,0.010004602594619483,-0.011610089374704721,0.01270248186260913,0.01334027542239465,-0.006914606662356427
Danceability,0.010004602594619483,1.0,0.018796922433312713,0.030501818717585873,-0.016150217750963206,0.010191021447065853
Acousticness,-0.011610089374704721,0.018796922433312713,1.0,0.012932384530655346,-0.0009492477560115583,-0.015756496122116184
Energy,0.01270248186260913,0.030501818717585873,0.012932384530655346,1.0,-0.01153552807271356,-0.00041323383243638766
Lyrics Sentiment,0.01334027542239465,-0.016150217750963206,-0.0009492477560115583,-0.01153552807271356,1.0,-0.0007034902638089243
TikTok Virality,-0.006914606662356427,0.010191021447065853,-0.015756496122116184,-0.00041323383243638766,-0.0007034902638089243,1.0
